,name,treatment,harvest,donor
LK-2,LK-2-ATCACG,UI,7HPI,LMK56
LK-5,LK-5-TGACCA,UI,7HPI,LMK58
LK-7,LK-7-ACAGTG,UI,24HPI,LMK56
LK-8,LK-8-GCCAAT,UI,24HPI,LMK57
LK-9,LK-9-CAGATC,UI,24HPI,LMK58
LK-11,LK-11-ACTTGA,H1N1,7HPI,LMK56
LK-13,LK-13-TAGCTT,H1N1,7HPI,LMK58
LK-15,LK-15-GGCTAC,H1N1,24HPI,LMK56
LK-16,LK-16-CTTGTA,H1N1,24HPI,LMK57
LK-17,LK-17-AGTCAA,H1N1,24HPI,LMK58
LK-19,LK-19-AGTTCC,H3N2,7HPI,LMK56
LK-21,LK-21-CCGTCC,H3N2,7HPI,LMK58
LK-23,LK-23-GTCCGC,H3N2,24HPI,LMK56
LK-24,LK-24-GTGAAA,H3N2,24HPI,LMK57
LK-25,LK-25-GTGGCC,H3N2,24HPI,LMK58